method,rank,r1,r2,r3,reconstruction_error,decomposition_time_sec,compressed_weight_params,dense_block_weight_params,compression_ratio_block,compressed_total_params,dense_total_params,compression_ratio_total,test_accuracy,accuracy_drop,status
Dense,,,,,0.0,0.0,1048576,1048576,1.0,1457674,1457674,1.0,0.8906,0.0,success
SVD,1.0,,,,0.9615499973297119,0.09509300499848905,2560,1048576,409.6,411658,1457674,3.5409830490358503,0.1,0.7906,success
SVD,2.0,,,,0.9493474364280701,0.0644415869974182,5120,1048576,204.8,414218,1457674,3.5190986388809757,0.1,0.7906,success
SVD,4.0,,,,0.9308303594589233,0.06293232399912085,10240,1048576,102.4,419338,1457674,3.4761314262003444,0.1,0.7906,success
SVD,8.0,,,,0.900098979473114,0.06266148299982888,20480,1048576,51.2,429578,1457674,3.393269673959095,0.1,0.7906,success
SVD,16.0,,,,0.8499922156333923,0.06077534900032333,40960,1048576,25.6,450058,1457674,3.2388581027334253,0.1333,0.7573,success
SVD,32.0,,,,0.7808195948600769,0.06196763000116334,81920,1048576,12.8,491018,1457674,2.9686773193650744,0.7306,0.15999999999999992,success
SVD,64.0,,,,0.6901698708534241,0.06177475699951174,163840,1048576,6.4,572938,1457674,2.544208972000461,0.8872,0.0033999999999999586,success
SVD,128.0,,,,0.5685461759567261,0.06128223600171623,327680,1048576,3.2,736778,1457674,1.9784439817692712,0.8935,-0.0029000000000000137,success
SVD,256.0,,,,0.3867482841014862,0.05594091999955708,655360,1048576,1.6,1064458,1457674,1.3694048990190313,0.8898,0.0007999999999999119,success
SVD,384.0,,,,0.2279493659734726,0.0652434000003268,983040,1048576,1.0666666666666667,1392138,1457674,1.0470757927734176,0.8909,-0.000300000000000078,success
SVD,512.0,,,,1.5480050024052616e-06,0.06299643400052446,1310720,1048576,0.8,1719818,1457674,0.8475745689369456,0.8906,0.0,success
CP,1.0,,,,0.9729663133621216,0.08755732200006605,1028,1048576,1020.0155642023346,410126,1457674,3.5542101695576482,0.1,0.7906,success
CP,2.0,,,,0.96574866771698,0.17186046900314977,2056,1048576,510.0077821011673,411154,1457674,3.5453236500192142,0.1,0.7906,success
CP,4.0,,,,0.9545511603355408,0.20586995399935404,4112,1048576,255.00389105058366,413210,1457674,3.527683260327678,0.1,0.7906,success
CP,8.0,,,,0.9237409234046936,0.8129189379978925,8224,1048576,127.50194552529183,417322,1457674,3.492923929244085,0.1,0.7906,success
CP,16.0,,,,0.8718059062957764,4.208618692999153,16448,1048576,63.750972762645915,425546,1457674,3.425420518580835,0.0886,0.8019999999999999,success
CP,32.0,,,,0.8122833371162415,2.9003289460015367,32896,1048576,31.875486381322958,441994,1457674,3.2979497459241527,0.1,0.7906,success
CP,64.0,,,,0.7347481846809387,26.265047247998154,65792,1048576,15.937743190661479,474890,1457674,3.0694981995830615,0.7291,0.16149999999999998,success
CP,128.0,,,,0.6449085474014282,56.23837995800204,131584,1048576,7.968871595330739,540682,1457674,2.695991359061334,0.8924,-0.0018000000000000238,success
CP,256.0,,,,0.5280641913414001,97.59276655899885,263168,1048576,3.9844357976653697,672266,1457674,2.1682994528951336,0.8887,0.0018999999999999018,success
Tucker,,4.0,4.0,1.0,0.9536600112915039,0.5436673910007812,4116,1048576,254.75607385811466,413214,1457674,3.5276491115983486,0.1,0.7906,success
Tucker,,4.0,4.0,2.0,0.9467684030532837,0.49825013900044723,4136,1048576,253.52417794970987,413234,1457674,3.5274783778682295,0.1,0.7906,success
Tucker,,4.0,4.0,4.0,0.945307731628418,0.4922994900007325,4176,1048576,251.095785440613,413274,1457674,3.527136959982965,0.1,0.7906,success
Tucker,,8.0,8.0,1.0,0.9326455593109131,0.4975506629998563,8260,1048576,126.94624697336562,417358,1457674,3.492622640514858,0.1,0.7906,success
Tucker,,8.0,8.0,2.0,0.9192047715187073,0.5099831119987357,8328,1048576,125.90970220941402,417426,1457674,3.492053681371069,0.1,0.7906,success
Tucker,,8.0,8.0,4.0,0.916647732257843,0.513836023001204,8464,1048576,123.88657844990549,417562,1457674,3.4909163190137034,0.1,0.7906,success
Tucker,,16.0,16.0,1.0,0.9097715616226196,0.8181151080025302,16644,1048576,63.000240326844505,425742,1457674,3.4238435484401353,0.1,0.7906,success
Tucker,,16.0,16.0,2.0,0.8745478987693787,0.5231996270013042,16904,1048576,62.03123521060104,426002,1457674,3.421753888479397,0.1,0.7906,success
Tucker,,16.0,16.0,4.0,0.8695376515388489,0.6486985560004541,17424,1048576,60.17998163452709,426522,1457674,3.417582211468576,0.1,0.7906,success
Tucker,,32.0,32.0,1.0,0.8827589750289917,0.9856268990006356,33796,1048576,31.026630370458044,442894,1457674,3.291248018713281,0.1,0.7906,success
Tucker,,32.0,32.0,2.0,0.8273307681083679,1.304114706999826,34824,1048576,30.110728233402252,443922,1457674,3.2836264028365343,0.1,0.7906,success
Tucker,,32.0,32.0,4.0,0.8068505525588989,0.9352928869993775,36880,1048576,28.432104121475053,445978,1457674,3.268488580154178,0.5442,0.34639999999999993,success
Tucker,,64.0,64.0,1.0,0.8499848246574402,1.004098116998648,69636,1048576,15.057958527198576,478734,1457674,3.0448516295061556,0.1,0.7906,success
Tucker,,64.0,64.0,2.0,0.7758037447929382,1.9123498469998594,73736,1048576,14.2206791797765,482834,1457674,3.018996176739832,0.1,0.7906,success
Tucker,,64.0,64.0,4.0,0.728506326675415,1.5008306070012623,81936,1048576,12.797500488185902,491034,1457674,2.968580587087656,0.8876,0.0030000000000000027,success
